ability.AbilityBehavior	技能行为类型	high	枚举值由施法目标等行为标记组成，概括技能行为配置。
ability.AbilityCastRangeBuffer	技能施法距离缓冲值	medium	字段名明确关联施法距离缓冲，但样本未说明该缓冲值的具体用途。
ability.AbilityDamageType	技能伤害类型	high	字段及枚举值标明技能配置的伤害类型。
ability.AbilityModifierSupportBonus	技能修正支持加成值	low	字段名包含修正、支持与加成，但样本不足以确定“支持”的具体含义。
ability.AbilityModifierSupportValue	技能修正支持值	low	字段名含修正与支持字样，样本无法确定其具体含义，故采用中性名称。
ability.AbilityOvershootCastRange	施法距离超出值	low	字段名仅能确认其与施法距离超出量有关，样本不足以确定具体计算含义。
ability.AbilityType	技能类型	high	取值区分基础技能与终极技能等类别。
ability.AbilityUnitDamageType	技能单位伤害类型	high	枚举值列出魔法与物理等伤害类型。
ability.AbilityUnitTargetFlag	技能目标标记	high	枚举值是目标筛选标记，字段名未表明更具体的筛选机制。
ability.AbilityUnitTargetFlags	技能目标单位标记集合	high	枚举值可组合多个目标单位筛选标记。
ability.AbilityUnitTargetTeam	技能目标阵营	high	枚举值表示技能目标所属的友方、敌方或双方阵营。
ability.AbilityUnitTargetType	技能目标单位类型	high	字段值列出技能配置涉及的目标单位类型。
ability.AnimationPlaybackRate	技能动画播放速率	medium	字段名和倍率形式的样本值都指向动画播放速率。
ability.InitialAbilityCharges	技能初始充能数	high	字段名直接表示技能配置中的初始充能数量。
ability.ItemCost	技能配置物品价格	medium	字段位于技能配置中且名为 ItemCost，保留物品价格含义及其配置语境。
ability.ItemInitialCharges	技能初始充能数	medium	该字段出现在技能配置中并记录初始充能数量。
ability.LevelsBetweenUpgrades	技能升级间隔等级数	medium	字段名表示升级之间的等级间隔，但不同技能的具体用途有别。
ability.MaxLevel	技能最高等级	high	字段记录技能配置允许的最高等级。
ability.RequiredLevel	技能需求等级	high	字段记录技能配置关联的需求等级，样本本身不能进一步限定用途。
ability.SpellDispellableType	技能效果可驱散类型	high	枚举值表示技能效果是否可被驱散及其类型。
ability.SpellImmunityType	技能法术免疫交互类型	high	枚举值描述技能配置对法术免疫单位的适用类别。
ability.gyrocopter_call_down.tracking_strike_radius	召唤飞弹追踪打击半径	medium	专属字段名含strike_radius，所属技能为召唤飞弹。
ability.meepo_fling.range	投掷作用距离	medium	官方英文标签为投掷距离，字段记录该技能的分级距离数值。
ability.morphling_syntropy.attack_slow_max	攻击减速上限	medium	技能说明将其用于攻击速度减缓上限，并与移动速度减缓上限并列。
ability.morphling_syntropy.attack_slow_min	攻击减速下限	medium	字段名和官方英文标签MIN ATTACK SLOW均指向攻击减速下限。
ability.naga_siren_slithereen_cutlass.miss_chance_per_stack	每层攻击落空概率	medium	技能说明表明减益按层数叠加并令目标攻击落空，字段名对应每层概率。
ability.phoenix_sun_ray.focal_point_max_multiplier	烈日炙烤焦点最大倍率	low	字段名可确认焦点相关最大倍率，现有说明无法确认倍率所作用的量。
ability.rubick_might_and_magus.magic_resist_bonus	魔法抗性加成	medium	字段名含magic_resist_bonus，但技能说明没有解释该参数的作用。
hero.agility_gain	敏捷每级成长	high	英雄字段记录每级敏捷成长数值。
hero.attack_animation_point	攻击动作前摇时长	high	该字段记录英雄攻击动作的前摇时长参数。
hero.attack_range	攻击距离	high	多个英雄样本以数值记录该通用攻击距离字段。
hero.attack_rate	基础攻击间隔	medium	字段名为攻击速率，Dota英雄数据中该字段表示基础攻击间隔。
hero.base_agility	基础敏捷	high	英雄字段直接记录基础敏捷数值。
hero.base_armor	基础护甲	high	base_前缀表明这是英雄的基础护甲字段。
hero.base_attack_damage_max	基础攻击力上限	high	字段名明确表示基础攻击伤害区间的最大值。
hero.base_attack_damage_min	基础攻击伤害下限	high	字段表示基础攻击伤害区间的下限。
hero.base_attack_speed	基础攻击速度	high	base_前缀和数值样本支持命名为英雄基础攻击速度。
hero.base_health	基础生命值	high	字段名表示英雄的基础生命值。
hero.base_health_regen	基础生命回复	high	字段直接记录基础生命回复数值。
hero.base_intelligence	基础智力	high	base_前缀表明这是英雄的基础智力字段。
hero.base_mana	基础魔法值	high	字段名表示英雄的基础魔法值。
hero.base_mana_regen	基础魔法回复	high	字段直接记录基础魔法回复数值。
hero.base_strength	基础力量	high	base_前缀表明这是英雄的基础力量字段。
hero.day_vision	白天视野	high	字段名直接表示白天视野数值。
hero.intelligence_gain	智力每级成长	high	英雄智力成长字段表示每升一级增加的智力。
hero.magic_resistance	魔法抗性	high	字段名和英雄数值样本直接对应魔法抗性。
hero.movement_speed	移动速度	high	字段名直接表示英雄移动速度。
hero.night_vision	夜间视野	high	字段名及属性合同均指向夜间视野。
hero.projectile_speed	攻击弹道速度	medium	字段位于英雄属性中且部分英雄取非零弹道速度值。
hero.strength_gain	力量每级成长	high	英雄字段记录每级力量成长数值。
hero.turn_rate	转身速率	high	字段表示英雄转向时使用的速率参数。
item.AbilityBehavior	物品技能行为类型	high	取值由物品技能行为标记组成，描述其行为配置。
item.AbilityCastPoint	物品施法前摇	high	字段记录物品技能施法前摇数值。
item.AbilityChannelTime	物品持续施法时间	high	物品样本及说明中的持续施法时长与该字段对应。
item.AbilityChargeRestoreTime	物品充能恢复时间	high	字段名明确记录物品充能的恢复时间。
item.AbilityCharges	物品技能充能数	high	字段记录物品技能当前充能数量。
item.AbilityDamage	物品技能伤害值	medium	字段名指向物品技能伤害数值，但样本为零且不能据此确定生效机制。
item.AbilityDuration	物品技能持续时间	medium	字段名表示物品技能持续时间，但样本不足以限定其对应效果。
item.AbilityHealthCost	物品技能生命消耗	high	字段记录物品技能消耗的生命值。
item.AbilityUnitDamageType	物品技能单位伤害类型	high	枚举值表示物品技能配置的单位伤害类型。
item.AbilityUnitTargetFlags	物品技能目标单位标记集合	high	枚举值可组合多个目标单位筛选标记。
item.AbilityUnitTargetTeam	物品技能目标阵营	high	枚举值表示物品技能目标所属的阵营范围。
item.AbilityUnitTargetType	物品技能目标单位类型	high	字段值列出物品技能配置涉及的目标单位类型。
item.BonusDelayedStockCount	延迟库存奖励数量	low	字段名仅能确认其关联延迟库存数量，具体触发和计算方式未由样本说明。
item.ItemBaseLevel	物品基础等级	high	字段记录物品的基础等级。
item.ItemCost	物品价格	high	字段直接记录物品价格数值。
item.ItemDisassembleRule	物品拆分规则	high	枚举值表示物品拆分规则及其允许状态。
item.ItemInitialCharges	物品初始充能数	high	字段记录物品的初始充能数量。
item.ItemInitialStockTime	物品初始库存时间	medium	字段名表示物品的初始库存时间，不能据此推定恢复间隔或具体模式规则。
item.ItemInitialStockTimeTurbo	物品初始库存时间（极速模式）	high	字段名区分极速模式并记录物品初始库存时间。
item.ItemStackableMax	物品最大可堆叠数	high	字段记录物品允许的最大堆叠数量。
item.ItemStockInitial	物品初始库存数量	high	字段记录物品初始库存的数量。
item.ItemStockMax	物品库存上限	high	字段名和数值样本均表示库存最大数量。
item.ItemStockTime	物品库存恢复时间	high	字段记录物品库存补充所需的时间。
item.MaxLevel	物品技能最高等级	high	该字段位于物品技能配置中并记录其最高等级。
item.MaxUpgradeLevel	物品最高升级等级	high	该字段与达贡等可升级物品关联，记录升级等级上限。
item.SpellDispellableType	物品技能效果可驱散类型	high	枚举值表示物品技能效果是否可被驱散及其类型。
item.SpellImmunityType	物品技能法术免疫交互类型	high	枚举值描述物品技能配置对法术免疫单位的适用类别。
unit.AttackAcquisitionRange	单位攻击获取距离	medium	字段名表示攻击获取范围，样本不足以说明具体获取规则。
unit.AttackAnimationPoint	单位攻击动画前摇	high	字段记录单位攻击动画的生效点参数。
unit.AttackCapabilities	单位攻击能力	high	枚举值区分单位不能攻击、近战攻击及远程攻击能力。
unit.AttackDamageType	单位攻击伤害类型	high	枚举值用于标记单位攻击伤害类型。
unit.AttackDesire	单位攻击倾向值	low	字段名指向攻击倾向参数，但样本不足以判断其决策含义。
unit.AttackRangeBuffer	攻击距离缓冲值	medium	字段名仅能确认其为攻击距离相关的缓冲参数，具体规则未见说明。
unit.AttributeAgilityGain	单位敏捷成长值	high	字段名明确表示单位敏捷成长数值，未假定成长发生的等级间隔。
unit.AttributeBaseAgility	单位基础敏捷	high	字段明确记录单位的基础敏捷数值。
unit.AttributeBaseIntelligence	单位基础智力	high	字段直接记录单位基础智力数值。
unit.AttributeBaseStrength	单位基础力量	high	字段名明确表示单位的基础力量数值。
unit.AttributeIntelligenceGain	单位智力成长值	medium	字段表示单位智力成长参数，但样本未说明其具体应用方式。
unit.AttributePrimary	单位主属性	high	枚举值表示单位配置的主属性类别。
unit.AttributeStrengthGain	单位力量成长值	high	字段名明确表示单位力量成长数值，未假定成长发生的等级间隔。
unit.BoundsHullName	单位边界壳体类型	medium	枚举值对应不同大小的边界壳体，但样本未说明具体碰撞机制。
unit.CombatClassAttack	攻击方战斗类别	medium	字段与枚举值指向攻击方的战斗类别，但样本不足以确定其完整用途。
unit.CombatClassDefend	单位防御战斗类别	medium	枚举值位于单位配置的防御战斗类别字段。
unit.FollowRange	单位跟随范围	medium	字段名指向跟随范围参数，样本未说明该值的具体使用规则。
unit.MovementCapabilities	单位移动能力	high	枚举值区分单位可用的移动能力类别。
unit.MovementTurnRate	单位转身速率	high	字段名直接记录单位移动时的转身速率参数。
unit.ProjectileCollisionSize	单位弹道碰撞尺寸	medium	字段名关联弹道碰撞尺寸，样本不足以确定其几何形式。
unit.ProjectileSpeed	单位投射物速度	high	字段记录单位投射物的速度参数，未在名称中补充单位。
unit.StatusStartingMana	单位初始魔法值	medium	字段名表示单位状态配置中的起始魔法值，样本含特殊值但不改变字段含义。
unit.TeamName	单位所属阵营	high	枚举值表示单位所属的阵营。
unit.UnitRelationshipClass	单位关系类别	medium	字段与枚举值表示单位的关系类别，具体影响未由样本说明。
