abaddon_aphotic_shield.absorb_to_damage	吸收伤害反弹比例	Absorbed damage reflected
abaddon_borrowed_time.immolate_aoe	灼烧范围	Immolate radius
abaddon_borrowed_time.immolate_damage	每秒灼烧伤害	Immolate damage per second
abaddon_death_coil.damage_percentage_on_perform_attack	附带攻击伤害比例	Attack damage percentage
abaddon_death_coil.self_damage_enemy_target	对敌施放时自身伤害	Self damage when cast on an enemy
abaddon_frostmourne.tower_dps_pct	对建筑持续伤害降低比例	Building damage over time reduction
abaddon_withering_mist.hp_threshold_pct	生命值触发阈值	Health percentage threshold
abyssal_underlord_abyssal_horde.underling_spawn_interval	战士与射手召唤间隔	Underling spawn interval
abyssal_underlord_dark_portal.minimum_distance	传送门最小间距	Minimum portal separation
abyssal_underlord_dark_portal.warp_channel_duration	传送持续施法时间	Portal channel time
abyssal_underlord_raid_boss.dark_portal_multiplier	恶魔之扉加成倍数	Fiend's Gate bonus multiplier
alchemist_berserk_potion.chemical_rage_cooldown_reduction_pct	化学狂暴期间冷却减少比例	Cooldown reduction during Chemical Rage
alchemist_chemical_rage.transformation_time	变身时间	Transformation time
alchemist_corrosive_weaponry.one_tooltip	每秒调制增加层数	Stacks per second of brewing
alchemist_corrosive_weaponry.stacks_per_attack	每次攻击施加层数	Stacks per attack
alchemist_goblins_greed.bonus_gold_per_scepter	每赠送神杖增加的贪婪金钱	Greed gold bonus per gifted Scepter
alchemist_goblins_greed.scepter_bonus_damage	每赠送神杖的攻击力加成	Damage bonus per gifted Scepter
alchemist_unstable_concoction.brew_explosion	未投掷时自爆时间	Self explosion time
alchemist_unstable_concoction.brew_time	达到最大效果的调制时间	Maximum brew time
alchemist_unstable_concoction.chemical_rage_cooldown_reduction_pct	化学狂暴期间冷却减少比例	Cooldown reduction during Chemical Rage
ancient_apparition_bone_chill.tooltip_scepter_bonus	神杖额外基础力量降低	Scepter bonus base strength reduction
ancient_apparition_ice_blast.cold_feet_stun_duration_pct	寒霜之足眩晕时间比例	Cold Feet stun duration percentage
ancient_apparition_ice_blast.radius_grow	每秒飞行增加的作用半径	Radius growth per travel second
ancient_apparition_ice_blast.radius_max	最大作用半径	Maximum radius
ancient_apparition_ice_blast.radius_min	最小作用半径	Minimum radius
antimage_blink.empowered_mana_break_duration	强化法力损毁持续时间	Empowered Mana Break duration
antimage_blink.empowered_max_burn_pct_tooltip	额外最大魔法燃烧比例	Bonus maximum mana burn percentage
antimage_mana_break.illusion_percentage	幻象法力损毁继承比例	Illusion Mana Break percentage
antimage_mana_void.min_bonus_pct	开始获得攻击力的魔法阈值	Mana threshold for minimum damage bonus
antimage_mana_void.thirst_range	魔法感知范围	Mana detection range
antimage_mana_void.threshold_pct	最大加成与真实视域魔法阈值	Mana threshold for maximum bonus and True Sight
antimage_persectur.mana_threshold	减速触发魔法阈值	Mana threshold for slowing
arc_warden_runic_infusion.all_attribute_bonus_per_stack	每次神符增加全属性	All attributes per rune
arc_warden_runic_infusion.water_bounty_rune_duration_pct	赏金与水符持续时间比例	Bounty and Water Rune duration percentage
arc_warden_tempest_double.rune_duration	分身神符效果持续时间	Double rune duration
axe_one_man_army.armor_pct_as_strength	护甲转力量比例	Armor converted to strength
axe_one_man_army.bonus_linger_duration	接近友军后加成消退时间	Bonus fade time near allies
bane_brain_sap.shard_radius	魔晶作用范围	Shard radius
bane_brain_sap.shard_secondary_target_heal_pct	次级目标治疗比例	Secondary target healing percentage
bane_fiends_grip.fiend_grip_tick_interval	魔法吸取间隔	Mana drain interval
bane_fiends_grip.scepter_incoming_illusion_damage	神杖幻象承受伤害比例	Scepter illusion incoming damage
batrider_flaming_lasso.grab_radius_scepter	神杖次级目标搜索范围	Scepter secondary target search radius
batrider_smoldering_resin.tick_attack_damage_pct	每次灼烧攻击伤害比例	Attack damage per burn tick
batrider_smoldering_resin.total_ticks	负面效果持续时间	Debuff duration
batrider_sticky_napalm.creep_damage_pct	对非英雄单位伤害比例	Creep damage percentage
batrider_sticky_napalm.max_level_tooltip	粘性燃油最高等级	Sticky Napalm maximum level
batrider_sticky_napalm.napalm_stacks_on_attack_tooltip	每次攻击施加燃油层数	Napalm stacks per attack
beastmaster_drums_of_slom.primal_roar_stacks	原始咆哮增加战鼓层数	Drum stacks from Primal Roar
beastmaster_primal_roar.movement_speed_duration	移动速度加成持续时间	Movement speed bonus duration
beastmaster_rugged.damage_block_pct_fifty_tooltip	原近战伤害格挡概率	Original melee damage block chance
beastmaster_rugged.damage_block_pct_vs_creeps	对非英雄单位伤害格挡概率	Creep damage block chance
beastmaster_summon_raptor.hawk_base_attack_interval	战鹰基础攻击间隔	Hawk base attack time
beastmaster_summon_raptor.hawk_count	战鹰数量	Hawk count
bloodseeker_blood_bath.delay	祭祀完成延迟	Ritual completion delay
bloodseeker_blood_bath.delay_plus_castpoint_tooltip	施法至祭祀完成总时间	Total ritual completion time
bloodseeker_blood_mist.barrier_decay_pct	每秒护盾衰减比例	Barrier decay per second
bloodseeker_bloodrage.max_health_dmg_pct	目标最大生命伤害比例	Target maximum health damage percentage
bloodseeker_sanguivore.base_heal	击杀基础治疗量	Base healing per kill
bloodseeker_thirst.inactive_penalty_pct	冷却期间被动移速削减比例	Passive movement speed reduction during cooldown
bloodseeker_thirst.invis_threshold_pct	视野与真实视域生命阈值	Health threshold for vision and True Sight
bloodseeker_thirst.linger_duration	目标死亡后加成持续时间	Bonus duration after target death
bloodseeker_thirst.max_bonus_pct	最大移速加成生命阈值	Health threshold for maximum speed bonus
bloodseeker_thirst.sanguivore_multiplier	食血动物治疗倍数	Sanguivore healing multiplier
bounty_hunter_big_game_hunter.kill_assist_gold_bonus_percent	重大目标击杀助攻金钱加成	Big Game kill and assist gold bonus
bounty_hunter_cutpurse.gold_steal	技能与物品窃取金钱	Gold stolen by abilities and items
bounty_hunter_shuriken_toss.bounce_aoe	追踪目标弹射搜索范围	Tracked target bounce search radius
brewmaster_cinder_brew.extra_duration	点燃增加持续时间	Ignition bonus duration
brewmaster_drunken_brawler.brewed_up_bonus	浸酒拳法增强比例	Brewed Up stance bonus
brewmaster_drunken_brawler.brewed_up_duration	浸酒持续时间	Brewed Up duration
brewmaster_drunken_brawler.brewed_up_duration_extend	再次施法延长浸酒时间	Brewed Up extension per cast
brewmaster_drunken_brawler.hangover_time	大醉持续时间	Hangover duration
brewmaster_liquid_courage.drink_duration	主动壮胆酒持续时间	Active Liquid Courage duration
brewmaster_liquid_courage.max_health_threshold	达到最大加成的生命阈值	Health threshold for maximum bonus
brewmaster_liquid_courage.max_hp_regen	每秒最大生命恢复比例	Maximum health regeneration per second
brewmaster_liquid_courage.min_health_threshold	开始获得加成的生命阈值	Health threshold for initial bonus
brewmaster_liquid_courage.speed_toggle_time	加速减速切换间隔	Speed toggle interval
brewmaster_primal_companion.cooldown_on_death	元素战士死亡后的冷却时间	Cooldown after companion death
brewmaster_primal_companion.cooldown_on_take_damage	元素战士受伤后的召唤限制时间	Summon lockout after companion damage
bristleback_bristleback.activation_delay	主动刺针启动延迟	Active Quill Spray delay
bristleback_bristleback.activation_movement_speed_pct	主动期间移动速度降低	Movement speed reduction during active effect
bristleback_bristleback.activation_num_quill_sprays	主动刺针喷射次数	Active Quill Spray count
bristleback_bristleback.activation_spray_interval	主动刺针喷射间隔	Active Quill Spray interval
bristleback_viscous_nasal_goo.goo_duration	粘稠鼻液持续时间	Viscous Nasal Goo duration
broodmother_insatiable_hunger.shard_damage_per_tick	每次攻击力提升比例	Damage increase per tick
broodmother_insatiable_hunger.shard_damage_tick_interval	攻击力提升间隔	Damage increase interval
broodmother_spawn_spiderlings.buff_duration	目标死亡孵化判定时间	Target death spawn window
broodmother_spiders_milk.kill_heal_aoe	击杀治疗范围	Kill healing radius
broodmother_spiders_milk.kill_heal_duration	击杀治疗持续时间	Kill healing duration
chen_penitence.self_attack_range_bonus	自身攻击距离加成	Self attack range bonus
dawnbreaker_solar_guardian.scepter_channel_time	神杖持续施法时间	Scepter channel time
earthshaker_fissure.free_pathing_linger_duration	自由移动残留时间	Free pathing linger time
hoodwink_acorn_shot.bonus_range	额外攻击距离	Bonus attack range
largo_croak_of_genius.damage_duration	伤害持续时间	Damage duration
largo_frogstomp.stomp_interval	踏击间隔	Stomp interval
morphling_ebb_and_flow.max_swell_duration	最大属性持续时间	Maximum stats duration
morphling_ebb_and_flow.stats_pct	属性比例	Stats percentage
morphling_ebb_and_flow.swell_duration	涌涨持续时间	Swell duration
silencer_brain_drain.permanent_int_steal_amount	永久窃取智力	Permanent Intelligence steal
silencer_curse_of_the_silent.penalty_multiplier	沉默目标伤害倍数	Silenced target multiplier
tinker_deploy_turrets.drop_aoe_radius	落点作用范围	Drop radius
broodmother_spiders_milk.kill_creeps_penalty	非英雄击杀治疗衰减	Creep kill healing reduction
broodmother_sticky_snare.count	网线数量上限	Maximum snare lines
centaur_double_edge.shard_max_stacks	力量加成叠加上限	Maximum strength bonus stacks
centaur_horsepower.strength_to_movement_pct	力量转移动速度比例	Strength to movement speed ratio
centaur_mount.melee_attack_range	便车内近战攻击距离加成	Melee attack range bonus while mounted
centaur_rawhide.health_per_upgrade	每次永久生命上限增加	Permanent health per upgrade
centaur_rawhide.upgrade_rate	永久生命上限增加间隔	Health upgrade interval
chaos_knight_phantasm.bonus_illusion_chance	额外幻象产生概率	Bonus illusion chance
chaos_knight_phantasmagoria.damage_reduction_pct	幻象承受伤害降低	Illusion incoming damage reduction
chaos_knight_reality_rift.additional_debuff_duration_percent	附加负面效果持续时间比例	Additional debuff duration percentage
chaos_knight_reins_of_chaos.bonus_illusion_chance	额外幻象产生概率	Bonus illusion chance
chaos_knight_reins_of_chaos.bonus_illusion_count	额外幻象数量	Bonus illusion count
chen_hand_of_god.debuff_immune_resist	减益免疫魔法抗性	Debuff immunity magic resistance
chen_hand_of_god.hot_duration	持续治疗时间	Healing over time duration
chen_hand_of_god.nearby_hot_boost	附近友军持续治疗增强	Nearby healing over time bonus
chen_holy_persuasion.unsummon_time	取消劝化所需未受伤时间	Damage free interval for unsummoning
chen_martyrdom.base_value	牺牲基础伤害	Base sacrifice damage
chen_martyrdom.current_hp_pct	当前生命转伤害比例	Current health damage percentage
chen_martyrdom.heal_factor	伤害转治疗比例	Damage converted to healing
chen_zealot.teleport_delay	单位传送延迟	Unit teleport delay
clinkz_infernal_shred.hero_stacks	英雄每次攻击护甲穿透比例	Armor piercing per hero attack
clinkz_infernal_shred.max_armor_piercing_pct	护甲穿透比例上限	Maximum armor piercing percentage
clinkz_infernal_shred.skeleton_stacks	骷髅每次攻击护甲穿透比例	Armor piercing per skeleton attack
clinkz_searing_arrows.skeleton_damage_pct	骷髅灼热之箭伤害比例	Skeleton Searing Arrows damage percentage
clinkz_strafe.archer_attack_speed_pct	骷髅弓手攻击速度加成	Skeleton archer attack speed bonus
clinkz_strafe.strafe_skeleton_radius	骷髅弓手加成范围	Skeleton bonus radius
clinkz_wind_walk.skeleton_building_damage_reduction	骷髅对建筑伤害降低	Skeleton building damage reduction
crystal_maiden_brilliance_aura.proximity_bonus_radius	附近魔法恢复加成范围	Proximity mana regeneration radius
crystal_maiden_crystal_clone.frostbite_radius	克隆碎裂冰封禁制范围	Clone Frostbite radius
crystal_maiden_freezing_field.explosion_interval	冰爆间隔	Explosion interval
crystal_maiden_freezing_field.frostbite_delay	施加冰封禁制所需停留时间	Delay before Frostbite
crystal_maiden_freezing_field.shard_bonus_explosion	魔晶冰爆数量增加比例	Shard explosion count increase
crystal_maiden_freezing_field.shard_self_movement_speed_slow_pct	极寒领域期间自身移速降低	Self movement speed reduction during Freezing Field
crystal_maiden_frostbite.creep_multiplier	对非远古普通单位伤害倍数	Non ancient creep damage multiplier
dark_seer_aggrandize.int_to_atkspd	每点智力攻击速度加成	Attack speed per Intelligence
dark_seer_heart_of_battle.movement_speed_pct	附近英雄移动速度获取比例	Nearby hero movement speed percentage
dark_seer_normal_punch.recent_duration	移动距离统计时间	Movement tracking duration
dark_seer_quick_wit.int_to_atkspd	每点智力攻击速度加成	Attack speed per Intelligence
dark_seer_surge.trail_damage	奔腾路径每秒伤害	Surge trail damage per second
dark_seer_surge.trail_damage_interval	奔腾路径伤害间隔	Surge trail damage interval
dark_seer_surge.trail_duration	奔腾路径持续时间	Surge trail duration
dark_seer_surge.trail_move_slow	奔腾路径移动速度减缓	Surge trail movement slow
dark_seer_surge.trail_radius	奔腾路径作用范围	Surge trail radius
dark_willow_bramble_maze.initial_creation_delay	迷宫产生延迟	Maze creation delay
dark_willow_bramble_maze.placement_count	荆棘数量	Bramble count
dark_willow_bramble_maze.placement_duration	迷宫持续时间	Maze duration
dark_willow_bramble_maze.placement_range	迷宫范围	Maze placement range
dark_willow_cursed_crown.accumulated_damage_pct	自身伤害累计比例	Self damage accumulation percentage
dark_willow_cursed_crown.accumulated_damage_pct_ally	友军攻击伤害累计比例	Allied attack damage accumulation percentage
dark_willow_cursed_crown.shard_bramble_amount	魔晶荆棘数量	Shard bramble count
dark_willow_cursed_crown.shard_spawn_radius	魔晶荆棘产生范围	Shard bramble spawn radius
dark_willow_pixie_dust.hp_regen_amp	生命与魔法恢复增强	Health and mana regeneration amplification
dark_willow_pixie_dust.hp_regen_amp_out_of_world	无法选中或无敌时恢复增强	Regeneration amplification while untargetable or invulnerable
dark_willow_shadow_realm.aura_damage_pct	光环伤害增加比例上限	Maximum aura damage increase
dark_willow_shadow_realm.max_damage_duration	达到最高伤害所需时间	Time to maximum damage
doom_bringer_doom.upgrade_amount	每次持续时间增加	Duration increase per upgrade
doom_bringer_doom.upgrade_interval	持续时间升级间隔	Duration upgrade interval
doom_bringer_lvl_pain.bonus_at_level_pct	符合等级倍数时效果提升	Bonus at matching level multiples
doom_bringer_lvl_pain.bonus_damage_pct_base	诅咒期间伤害转爆发比例	Accumulated damage burst percentage
doom_bringer_lvl_pain.damage_debuff_duration	诅咒爆发延迟	Curse burst delay
doom_bringer_lvl_pain.level_multiplier	强化效果等级倍数	Level multiple for enhanced effect
doom_bringer_lvl_pain.spread_radius	火柱伤害范围	Fire pillar damage radius
dragon_knight_dragon_blood.regen_and_armor_multiplier_during_dragon_form	古龙形态恢复与护甲增加比例	Dragon form regeneration and armor increase
drow_ranger_marksmanship.disable_range	技能失效敌方英雄范围	Enemy hero disable radius
drow_ranger_multishot.arrow_range_base	箭矢额外飞行距离	Additional arrow travel range
drow_ranger_trueshot.trueshot_agi_bonus_allies_pct	附近远程英雄敏捷加成比例	Nearby ranged hero Agility bonus percentage
earth_spirit_boulder_smash.remnant_smash_radius_tooltip	单位与残岩搜索范围	Unit and remnant search radius
earth_spirit_magnetize.magnetized_rocks_buff_self_duration	磁化残岩攻击力加成持续时间	Magnetized remnant damage bonus duration
earth_spirit_rolling_boulder.damage_str	力量伤害比例	Strength damage percentage
earth_spirit_rolling_boulder.delay	巨石翻滚启动延迟	Rolling Boulder delay
earth_spirit_stone_caller.attack_damage_per_stone	每点未用残岩攻击力加成	Damage bonus per unused remnant charge
earth_spirit_stone_caller.attack_damage_per_stone_used	使用残岩后额外攻击力加成	Additional damage bonus after using a remnant
earthshaker_fissure.echoes_damage_multiplier	回音击伤害继承比例	Echo Slam damage percentage
earthshaker_fissure.echoes_radius	沟壑回音搜索范围	Fissure echo search radius
earthshaker_spirit_cairn.fissure_radius	死亡沟壑范围	Death fissure radius
elder_titan_ancestral_spirit.immunity_resist	减益免疫魔法抗性增加	Debuff immunity magic resistance bonus
elder_titan_ancestral_spirit.scepter_magic_immune_per_hero	每个英雄提供减益免疫时间	Debuff immunity duration per hero
elder_titan_tip_the_scales.damage_bonus	小兵与建筑额外伤害比例	Creep and building damage bonus
ember_spirit_fire_remnant.speed_multiplier	残焰移动速度比例	Remnant movement speed percentage
ember_spirit_flame_guard.linger_duration	灼烧伤害残留时间	Burn damage linger duration
ember_spirit_sleight_of_fist.min_enemies_for_double_sleight	再次攻击目标数量条件	Enemy count condition for a second attack
ember_spirit_sleight_of_fist.second_attack_damage_penalty	第二次攻击伤害降低	Second attack damage reduction
enchantress_enchant.dominate_duration	非英雄单位控制时间	Creep control duration
enchantress_enchant.xp_gain_pct	魅惑获得击杀经验比例	Kill experience gained on Enchant
enchantress_impetus.distance_cap	伤害计算距离上限	Damage distance cap
enchantress_natures_attendants.overprotective_damage_threshold	过度保护伤害阈值	Overprotective damage threshold
enchantress_natures_attendants.overprotective_max_wisps	过度保护精灵数量上限	Maximum Overprotective wisps
enchantress_natures_attendants.overprotective_wisp_count	每次产生过度保护精灵数量	Overprotective wisps per trigger
enchantress_natures_attendants.overprotective_wisp_duration	过度保护精灵治疗时间	Overprotective wisp healing duration
enigma_black_hole.scepter_drag_speed	神杖牵引速度	Scepter pull speed
enigma_black_hole.scepter_pct_damage	神杖每秒最大生命伤害比例	Scepter maximum health damage per second
enigma_demonic_conversion.current_health_pct	当前生命转虚灵生命比例	Current health converted to Eidolon health
enigma_gravity_well.damage_reduction	友军承受伤害降低上限	Maximum allied incoming damage reduction
enigma_gravity_well.max_dist	引力井最大作用距离	Gravity Well maximum distance
enigma_gravity_well.min_dist	达到最大减伤的距离	Distance for maximum damage reduction
enigma_malefice.shard_bonus_stun_duration_tooltip	魔晶额外眩晕时间	Shard bonus stun duration
enigma_midnight_pulse.base_damage	基础伤害	Base damage
enigma_splitting_image.damage_reset_interval	累计伤害清零间隔	Accumulated damage reset interval
enigma_splitting_image.damage_threshold	虚灵产生伤害阈值	Eidolon spawn damage threshold
enigma_splitting_image.non_splitting_bounty_reduction_tooltip	虚灵击杀经验与金钱减少	Eidolon experience and gold bounty reduction
faceless_void_distortion_field.attack_projectile_slow	敌方攻击弹道减速	Enemy attack projectile slow
faceless_void_distortion_field.friendly_hero_distance	友方英雄保护范围	Allied hero protection radius
faceless_void_distortion_field.slow_distance_max	攻击弹道开始减速距离	Attack projectile slowing distance
flagbearer_creep_aura_effect.bonus_magic_resistance_per_interval	每次魔法抗性增加	Magic resistance per upgrade
flagbearer_creep_aura_effect.maximum_intervals	魔法抗性升级次数上限	Maximum magic resistance upgrades
frogmen_water_bubble_large.heal_pct	泡泡爆炸治疗比例	Bubble explosion healing percentage
frogmen_water_bubble_medium.heal_pct	泡泡爆炸治疗比例	Bubble explosion healing percentage
furion_spirit_of_the_forest.damage_per_tree_pct	每棵树攻击力加成	Damage bonus per tree
furion_sprout.vision_range	发芽提供视野范围	Sprout vision radius
furion_wrath_of_nature.scepter_max_entangle_duration	神杖最长缠绕时间	Scepter maximum root duration
furion_wrath_of_nature.scepter_min_entangle_duration	神杖初始缠绕时间	Scepter initial root duration
grimstroke_dark_portrait.immunity_resist	幻象减益免疫魔法抗性	Illusion debuff immunity magic resistance
dawnbreaker_celestial_hammer.hammer_solar_guardian_effectiveness_pct	重锤治疗与伤害降低比例	Hammer healing and damage reduction
dawnbreaker_celestial_hammer.hammer_solar_guardian_radius	重锤天光现世作用范围	Hammer Solar Guardian radius
dawnbreaker_celestial_hammer.pause_duration	重锤地面停留时间	Hammer ground pause duration
dawnbreaker_fire_wreath.immunity_resist	星破天惊魔法抗性增加	Starbreaker magic resistance bonus
dawnbreaker_fire_wreath.movespeed_bonus_duration	攻击速度加成持续时间	Attack speed bonus duration
dawnbreaker_fire_wreath.movespeed_bonus_radius	攻击速度加成友军范围	Allied attack speed bonus radius
dawnbreaker_fire_wreath.self_stun_duration	最后一击恢复时间	Recovery after final strike
dawnbreaker_fire_wreath.shard_movement_penalty	魔晶期间自身移速降低	Self movement speed reduction with Shard
dawnbreaker_fire_wreath.sweep_stun_duration	挥击减速持续时间	Sweep slow duration
dawnbreaker_fire_wreath.swipe_slow	挥击移动速度降低	Sweep movement speed slow
dawnbreaker_luminosity.allied_healing_pct	友军治疗比例	Allied healing percentage
dawnbreaker_solar_guardian.daytime_duration	白天持续时间	Daytime duration
dawnbreaker_solar_guardian.max_offset_distance	距友方英雄最大落点距离	Maximum landing offset from allied hero
dawnbreaker_solar_guardian.pulse_interval	脉冲间隔	Pulse interval
dawnbreaker_solar_guardian.scepter_aura_duration	落地后神杖光环持续时间	Scepter aura duration after landing
dazzle_innate_weave.ally_heal	每层友军编织治疗量	Allied healing per Weave stack
dazzle_innate_weave.ally_multiplier	友军编织层数倍数	Allied Weave stack multiplier
dazzle_innate_weave.enemy_multiplier	敌方编织层数倍数	Enemy Weave stack multiplier
dazzle_innate_weave.heal_amplification_pct	每层来自戴泽的治疗增强	Dazzle healing amplification per stack
dazzle_nothl_projection.leash_start	灵魂拉回起始距离	Spirit pull starting distance
dazzle_shadow_wave.scepter_heal_pct	神杖敌方弹跳治疗与伤害比例	Scepter enemy bounce healing and damage percentage
death_prophet_spirit_siphon.shard_bonus_charges	魔晶额外能量点数	Shard bonus charges
death_prophet_spirit_siphon.shard_consecutive_siphon_duration	触发恐惧所需连续吸魂时间	Consecutive siphon duration before fear
death_prophet_spirit_siphon.shard_fear_duration	魔晶恐惧时间	Shard fear duration
disruptor_electromagnetic_repulsion.damage_per_int	智力伤害倍数	Damage per Intelligence
disruptor_electromagnetic_repulsion.damage_reset_interval	伤害计数重置间隔	Damage counter reset interval
disruptor_electromagnetic_repulsion.damage_threshold	电磁排斥触发伤害阈值	Electromagnetic Repulsion damage threshold
disruptor_electromagnetic_repulsion.effect_radius	触发与推开范围	Trigger and knockback radius
disruptor_glimpse.backtrack_time	位置回溯时间	Position backtrack time
disruptor_thunder_strike.shard_ground_delay	对地施放最大潜伏时间	Maximum ground delay
disruptor_thunder_strike.slow_amount	攻击与移动速度降低比例	Attack and movement speed slow
doom_bringer_devour.bonus_aoe_pct	获得野怪技能范围增加	Acquired creep ability area bonus
doom_bringer_devour.bonus_spell_amp_pct	获得野怪技能增强	Acquired creep ability spell amplification
doom_bringer_doom.scepter_aura_radius	神杖末日光环范围	Scepter Doom aura radius
grimstroke_spirit_walk.shard_bonus_damage_pct	魔晶墨涌伤害增加	Shard Ink Swell damage increase
grimstroke_spirit_walk.shard_heal_pct	墨涌伤害转治疗比例	Ink Swell damage converted to healing
gyrocopter_call_down.strike_separation	导弹打击点间距	Missile strike separation
gyrocopter_call_down.total_strikes	导弹波数	Missile strike count
gyrocopter_homing_missile.shard_delay	火箭弹幕开始延迟	Rocket Barrage start delay
gyrocopter_homing_missile.shard_radius	导弹火箭弹幕范围	Missile Rocket Barrage radius
gyrocopter_rocket_barrage.barrage_duration	火箭弹幕持续时间	Rocket Barrage duration
gyrocopter_side_gunner_spawn_ability.sidegunner_fire_rate	侧翼机枪攻击间隔	Side Gunner attack interval
hoodwink_acorn_shot.bounces_after_tree_bounce	树木弹射后剩余次数	Remaining bounces after a tree
hoodwink_scurry.evasion_multiplier	转向几率倍数	Redirect chance multiplier
hoodwink_sharpshooter.misfire_time	弩箭自动发射时间	Automatic release time
hoodwink_sharpshooter.quick_draw_tooltip_efficacy_pct	伤害与负面效果及装载时间减少	Damage, debuff and charge time reduction
hoodwink_sharpshooter.quick_draw_tooltip_pct_cooldown_reduction	一箭穿心冷却时间减少	Sharpshooter cooldown reduction
hoodwink_sharpshooter.recoil_distance	后坐距离	Recoil distance
hoodwink_sharpshooter.turn_rate_tooltip	转身速率提升比例	Turn rate increase
hoodwink_tomokan_tracker.search_radius	足迹搜索范围	Trail search radius
hoodwink_tomokan_tracker.trail_history_duration	足迹回溯时间	Trail history duration
huskar_life_break.immunity_resist	跳跃期间魔法抗性增加	Leap magic resistance bonus
invoker_cold_snap.damage_trigger	触发急速冷却伤害阈值	Cold Snap damage threshold
invoker_cold_snap.freeze_heal	每次触发恢复生命	Healing per Cold Snap trigger
invoker_emp.self_mana_restore_pct	损毁魔法转自身魔法比例	Burned mana restored to self
invoker_ice_wall.root_delay	浮冰内触发缠绕所需时间	Ice Floe delay before root
invoker_invoke.cooldown_reduction_per_orb	每级元素球冷却减少	Cooldown reduction per orb level
invoker_invoke.first_ability_level	第一次额外技能点等级	First bonus skill point level
invoker_invoke.second_ability_level	第二次额外技能点等级	Second bonus skill point level
invoker_invoke.third_ability_level	第三次额外技能点等级	Third bonus skill point level
invoker_mastermind.xp_on_deny_percent	反补小兵经验比例	Experience percentage on creep deny
invoker_sun_strike_ad.cataclysm_count	每名英雄阳炎冲击数量	Sun Strikes per hero
invoker_sun_strike.cataclysm_cooldown	毁天灭地冷却时间	Cataclysm cooldown
invoker_sun_strike.cataclysm_count	每名英雄阳炎冲击数量	Sun Strikes per hero
invoker_sun_strike.cataclysm_damage_pct	毁天灭地阳炎冲击伤害比例	Cataclysm Sun Strike damage percentage
invoker_sun_strike.cataclysm_max_range	毁天灭地最远生成距离	Cataclysm maximum spawn distance
invoker_sun_strike.cataclysm_min_range	毁天灭地最近生成距离	Cataclysm minimum spawn distance
invoker_tornado.twister_radius	气旋伤害范围	Twister damage radius
invoker_tornado.twister_tick_rate	气旋伤害间隔	Twister damage interval
jakiro_dual_breath.fire_delay	两次吐息间隔	Delay between breaths
jakiro_macropyre.ice_edge_movement_slow	边缘冰墙移动速度减缓	Ice edge movement slow
jakiro_macropyre.linger_duration	离开烈焰焚身后伤害持续时间	Macropyre damage linger duration
juggernaut_blade_fury.attack_interval	剑刃风暴附带攻击间隔	Blade Fury attack interval
juggernaut_blade_fury.immunity_resist	剑刃风暴魔法抗性增加	Blade Fury magic resistance bonus
juggernaut_bladeform.stack_gain_time	未受伤时叠加获得间隔	Stack gain interval while undamaged
juggernaut_duelist.front_damage_increase	对面朝自身目标伤害增加	Damage increase against facing targets
juggernaut_healing_ward.healing_ward_movespeed_tooltip	治疗守卫移动速度	Healing Ward movement speed
keeper_of_the_light_bright_speed.intelligence_per_speed	每点移动速度所需智力	Intelligence per movement speed
keeper_of_the_light_bright_speed.movement_per_vision	生成视野光迹所需移动距离	Movement distance per vision trail
keeper_of_the_light_chakra_magic.self_bonus	对自身使用效果增加	Self cast effect increase
keeper_of_the_light_special_reserve.minimum_mana	魔法值下限	Minimum mana
kez_echo_slash.katana_distance	长刀斩击距离	Katana slash distance
kez_echo_slash.tag_slow	斩击移动速度减缓	Slash movement slow
kez_kazurai_katana.lifesteal_pct	长刀攻击吸血比例	Katana attack lifesteal percentage
kez_raptor_dance.illusion_lifesteal_pct	非英雄与幻象吸血比例	Creep and illusion lifesteal percentage
kez_raptor_dance.invuln_period	无敌持续时间	Invulnerability duration
kez_shodo_sai.parry_duration	招架持续时间	Parry duration
kez_shodo_sai.parry_stun_duration	招架英雄眩晕时间	Parried hero stun duration
kez_switch_weapons.scepter_cooldown_timer	神杖免共享冷却施法窗口	Scepter unshared cooldown cast window
kunkka_admirals_rum.damage_threshold	朗姆酒触发生命阈值	Rum health threshold
kunkka_admirals_rum.ghostship_absorb	延后承受伤害比例	Deferred damage percentage
kunkka_ghostship.cannon_ball_damage_pct	炮弹幽灵船伤害比例	Cannonball Ghostship damage percentage
kunkka_ghostship.fleet_count	舰队船只数量	Fleet ship count
kunkka_ghostship.fleet_interval	舰队船只产生间隔	Fleet ship interval
kunkka_ghostship.ghostship_speed	幽灵船移动速度	Ghostship speed
kunkka_ghostship.num_cannon_volleys	炮弹波数	Cannon volleys
largo_croak_of_genius.duration_reduction	每次消耗魔法减少持续时间	Duration lost per mana expenditure
legion_commander_outfight_them.ally_factor	友军护甲加成比例	Allied armor bonus percentage
leshrac_chronoptic_nourishment.creep_penalty_reduction_pct	攻击非英雄魔法恢复降低	Creep attack mana restoration reduction
leshrac_chronoptic_nourishment.mana_pct_per_hit	攻击伤害转魔法恢复比例	Attack damage converted to mana
leshrac_defilement.aoe_per_int	每点智力作用范围加成	Area bonus per Intelligence
leshrac_split_earth.shard_max_count	魔晶重复次数	Shard repeat count
leshrac_split_earth.shard_radius_increase	每次重复范围增加	Radius increase per repeat
leshrac_split_earth.shard_secondary_delay	魔晶重复间隔	Shard repeat interval
lich_chain_frost.jumps	连环霜冻弹跳次数上限	Maximum Chain Frost bounces
lich_frost_shield.interval	寒霜魔盾脉冲间隔	Frost Shield pulse interval
lich_ice_spire.max_creep_attacks	非英雄攻击承受次数	Creep attacks to destroy
lich_ice_spire.max_hero_attacks	英雄攻击承受次数	Hero attacks to destroy
lich_sinister_gaze.aoe_scepter	神杖阴邪凝视范围	Scepter Sinister Gaze radius
lina_combustion.damage_threshold	过热触发伤害阈值	Overheat damage threshold
lina_slow_burn.burn_damage_pct	额外灼烧原伤害比例	Original damage converted to bonus burn
lina_slow_burn.burn_duration	额外灼烧持续时间	Bonus burn duration
lion_finger_of_death.grace_period	死亡后伤害成长判定窗口	Kill damage growth window
lion_finger_of_death.punch_attack_range	死亡重拳攻击距离	Fist of Death attack range
lion_mana_drain.ally_pct	友军魔法与移动速度获得比例	Allied mana and movement speed percentage
lion_mana_drain.movespeed_bonus_when_empty_pct	目标空魔法时减速增强	Slow increase against targets without mana
lion_mana_drain.shard_bonus_targets	魔晶额外吸取目标数量	Shard additional drain targets
lion_voodoo.movespeed	妖术目标基础移动速度	Hex target base movement speed
lone_druid_bear_necessities.item_slots	可用物品栏格数	Usable inventory slots
lone_druid_entangle.hits_incremented_on_active	主动施加英雄叠加层数	Active hero stack count
lone_druid_entangle.hits_required	缠绕触发层数	Entangle stack threshold
lone_druid_entangle.lone_druid_buff_duration	自身攻击强化持续时间	Self attack empowerment duration
lone_druid_entangle.lone_druid_counters_applied_tooltip	自身每次攻击施加层数	Stacks per Lone Druid attack
lone_druid_spirit_bear_entangle.hits_required	熊灵缠绕触发层数	Bear Entangle stack threshold
lone_druid_spirit_bear_entangle.spirit_bear_counters_applied_tooltip	熊灵每次攻击施加层数	Stacks per Spirit Bear attack
lone_druid_spirit_bear_return.channel_tooltip	熊灵回归持续施法时间	Spirit Bear Return channel time
lone_druid_spirit_bear.backlash_damage	熊灵死亡反冲生命伤害比例	Bear death backlash health damage percentage
lone_druid_spirit_bear.bear_attack_leash_range	熊灵可攻击离主距离	Bear attack leash range
lone_druid_spirit_link.active_bonus	主动护甲共享与攻速效果增加	Active armor sharing and attack speed increase
luna_eclipse.beam_interval	月蚀月光间隔	Eclipse beam interval
luna_eclipse.beam_interval_scepter	神杖月蚀月光间隔	Scepter Eclipse beam interval
luna_lucent_beam.damage_buff_from_eclipse_pct	月蚀提供攻击力加成比例	Damage bonus percentage from Eclipse
luna_lunar_orbit.rotating_glaives	旋转月刃数量	Rotating glaive count
luna_lunar_orbit.rotating_glaives_movement_radius	旋转月刃环绕范围	Rotating glaive radius
lycan_shapeshift.kill_duration_extension	击杀英雄延长变身时间	Shapeshift duration gained per hero kill
lycan_summon_wolves_hamstring.damage_boost_stacks	咬伤后强化攻击次数	Empowered attacks after Hamstring
lycan_wolf_bite.lifesteal_range	共用吸血最大距离	Shared lifesteal maximum range
magnataur_empower.self_multiplier	自身授予力量额外效果	Self Empower bonus effect
magnataur_shockwave.return_shockwave_bonus_distance	返回震荡波额外距离	Returning Shockwave bonus distance
marci_bodyguard.max_partner_penalty	友军获得被动加成比例	Allied passive bonus percentage
marci_bodyguard.shared_barrier_replenish_amount	攻击英雄伤害补充护盾比例	Hero attack damage converted to barrier
marci_bodyguard.shared_healing_percent	搭档共用生命治疗比例	Partner shared healing percentage
marci_companion_run.ally_buff_duration	友军移速加成时间	Allied movement speed duration
marci_companion_run.ally_impact_damage_pct	搭档落地回身踢伤害比例	Partner Rebound landing damage percentage
marci_companion_run.ally_movespeed_pct	友军移动速度加成	Allied movement speed bonus
marci_companion_run.postjump_flurry_charges	落地狂怒连技拳数	Landing flurry attack count
marci_companion_run.postjump_unleash_duration	落地延长怒拳破时间	Unleash extension on landing
marci_special_delivery.bonus_hp_tooltip	友方信使额外生命	Allied courier bonus health
marci_special_delivery.bonus_levels	友方信使额外等级	Allied courier bonus levels
marci_unleash.pulse_debuff_duration	脉冲攻速与移速减缓时间	Pulse attack and movement slow duration
marci_unleash.pulse_silence_duration	脉冲沉默时间	Pulse silence duration
marci_unleash.scepter_cooldown_reduction	神杖怒拳破冷却减少	Scepter Unleash cooldown reduction
marci_unleash.time_between_flurries	狂怒连技之间攻击限制时间	Attack lockout between flurries
mars_arena_of_blood.allied_reduction_pct	竞技场友军加成比例	Allied arena bonus percentage
mars_arena_of_blood.arena_kill_buff_damage_pct	竞技场击杀攻击力加成	Arena kill damage bonus
mars_arena_of_blood.arena_kill_buff_duration	竞技场击杀加成持续时间	Arena kill bonus duration
mars_arena_of_blood.arena_kill_buff_heal_pct	竞技场击杀生命与魔法恢复比例	Arena kill health and mana restoration percentage
mars_bulwark.redirect_chance	友军攻击弹道转向概率	Allied projectile redirect chance
mars_bulwark.soldier_count	护身甲盾士兵数量	Bulwark soldier count
mars_spear.max_impale_targets	刺中英雄数量上限	Maximum impaled heroes
medusa_cold_blooded.stone_form_scepter_base_tooltip	单体秘术异蛇石化时间	Single target Mystic Snake petrification duration
medusa_gorgon_grasp.volley_count	箭矢齐射组数	Arrow volley count
medusa_mana_shield.absorption_pct	魔法盾伤害吸收比例	Mana Shield damage absorption
medusa_mana_shield.aspd_increase_buff_duration	主动攻击速度加成时间	Active attack speed bonus duration
medusa_mana_shield.aspd_increase_mana_cost_pct	主动每秒最大魔法消耗比例	Active maximum mana cost per second
medusa_mana_shield.aspd_increase_max_aspd_time	达到最大攻速所需时间	Time to maximum attack speed
medusa_mana_shield.aspd_increase_max_tooltip	主动攻击速度加成上限	Maximum active attack speed bonus
medusa_mana_shield.aspd_increase_rate_pct	每秒攻击速度增加比例	Attack speed gained per second
medusa_mana_shield.attack_buff_cooldown	主动攻击加成冷却时间	Active attack bonus cooldown
medusa_mana_shield.illusion_percentage	幻象伤害吸收系数降低	Illusion damage absorption reduction
medusa_mystic_snake.attack_buff_duration	回复魔法攻击加成时间	Mana restoration damage bonus duration
medusa_mystic_snake.mana_per_damage	每点额外伤害所需魔法	Mana restored per bonus damage
medusa_mystic_snake.max_attacks	强化攻击次数	Empowered attack count
medusa_stone_gaze.face_duration	完全石化所需注视时间	Facing duration before petrification
medusa_undulation.fixed_movespeed	固定移动速度	Fixed movement speed
medusa_undulation.stone_gaze_ms_tooltip_only	石化凝视期间固定移速	Fixed movement speed during Stone Gaze
meepo_divided_we_stand.dps_penalty_pct	克隆体继承物品效果衰减	Clone inherited item effect reduction
meepo_divided_we_stand.required_level	忽悠成群首次学习等级	First Divided We Stand learn level
meepo_fling.hold_duration	目标最大携带时间	Maximum target hold duration
meepo_geomancy.dirt_move_speed	土地上移动速度加成	Movement speed bonus on dirt
meepo_geomancy.tree_radius	树木加成判定范围	Tree bonus detection radius
meepo_geomancy.tree_regen	树木附近生命恢复	Health regeneration near trees
meepo_geomancy.water_move_slow	水中攻击移动速度减缓	Water attack movement slow
meepo_geomancy.water_slow_duration	水中攻击减速时间	Water attack slow duration
meepo_megameepo.poof_damage_factor	每只肩上米波忽悠伤害加成	Poof damage bonus per stacked Meepo
meepo_megameepo.stats_pct	肩上米波属性获取比例	Stacked Meepo attribute percentage
meepo_pack_rat.cooldown_pct	克隆体物品共享冷却比例	Clone item shared cooldown percentage
meepo_poof.cast_duration	忽悠持续施法时间	Poof channel time
miniboss_alleviation.hp_restoration_pct	最大生命恢复比例	Maximum health restoration percentage
miniboss_fortification.damage_reduction_per_tower	每座己方一塔承受伤害降低	Incoming damage reduction per allied Tier 1 tower
miniboss_radiance.attack_timer_duration	受攻击后灼烧时间	Burn duration after being attacked
miniboss_radiance.aura_damage	光环每秒伤害	Aura damage per second
mirana_celestial_quiver.quiver_restore	跳跃期间临时能量点数	Temporary charges during Leap
mirana_leap.additional_charges	额外跳跃能量点数	Additional Leap charges
mirana_leap.leap_bonus_duration	跳跃速度加成时间	Leap speed bonus duration
mirana_selemenes_faithful.bonus_lotus	疗伤莲花效果增加	Healing Lotus effect increase
mirana_solar_flare.max_damage_time	达到最大增益所需时间	Time to maximum bonus
mirana_starfall.starfall_secondary_radius	二次星落目标搜索范围	Secondary Starstorm target radius
monkey_king_boundless_strike.spring_channel_pct	乾坤之跃最大蓄力比例	Primal Spring maximum charge percentage
monkey_king_mischief.invul_duration	变形后伤害免疫时间	Damage immunity duration after transformation
monkey_king_transfiguration.transfiguration_duration	猴子猴孙替身持续时间	Soldier replacement duration
monkey_king_tree_dance.unperched_stunned_duration	树木被毁坠落眩晕时间	Stun duration after tree destruction
monkey_king_wukongs_command.leadership_time_buffer	圆阵外停留消散时间	Time outside the arena before expiration
morphling_accumulation.bonus_primary_stat_per_level_of_attributes	全属性技能点额外主属性	Bonus primary attribute per attribute point
morphling_accumulation.percent_to_increment	每半级属性成长比例	Attribute growth per half level
morphling_flow.agi_per_one_spell_amp	每档技能增强所需敏捷	Agility per spell amplification increment
morphling_flow.one_percent_tooltip	每档技能增强比例	Spell amplification per increment
morphling_morph_agi.morph_rate	每秒力量转敏捷点数	Strength converted to Agility per second
morphling_morph_str.morph_rate	每秒敏捷转力量点数	Agility converted to Strength per second
muerta_dead_shot.gunslinger_buffed_chance_duration	神枪在手概率强化时间	Gunslinger chance bonus duration
muerta_dead_shot.gunslinger_buffed_chance_multiplier	神枪在手概率倍数	Gunslinger chance multiplier
muerta_dead_shot.ricochet_distance_multiplier	跳弹距离施法距离倍数	Ricochet cast range multiplier
muerta_gunslinger.dead_shot_cooldown_reduction_on_proc	触发神枪在手减少弹无虚发冷却	Dead Shot cooldown reduction per Gunslinger proc
muerta_gunslinger.target_search_bonus_range	第二枪额外搜索距离	Second shot bonus search range
muerta_ofrenda.pierce_the_veil_duration_pct	复活越界持续时间比例	Respawn Pierce the Veil duration percentage
muerta_the_calling.kill_radius_expansion	范围内击杀扩大作用范围	Radius expansion per kill
muerta_the_calling.num_revenants	环绕亡魂数量	Orbiting revenant count
naga_siren_reel_in.min_pull_distance	牵引结束距离	Pull ending distance
naga_siren_reel_in.pull_strength	诱捕目标牵引速度	Ensnared target pull speed
naga_siren_rip_tide.hits	激流触发攻击次数	Attacks per Rip Tide trigger
necrolyte_ghost_shroud.enemies_negative_heal_bonus_as_pct_of_self	敌方恢复增强削减自身比例	Self bonus converted to enemy restoration reduction
necrolyte_ghost_shroud.movement_transfer	敌人损失移速转自身加成比例	Enemy movement loss converted to self bonus
necrolyte_heartstopper_aura.heal_regen_to_damage	生命恢复转竭心伤害比例	Health regeneration converted to Heartstopper damage
nevermore_frenzy.linger_duration	已死目标灵魂保留时间	Dead target soul retention duration
nevermore_frenzy.soul_collection_interval	灵魂收集间隔	Soul collection interval
nevermore_frenzy.soul_collection_per_interval	每次收集目标数	Targets per soul collection
nevermore_frenzy.soul_collection_radius	灵魂收集范围	Soul collection radius
nevermore_necromastery.max_soul_increase_on_hero_kill	击杀英雄增加灵魂上限	Maximum souls gained per hero kill
nevermore_necromastery.soul_release_tooltip	死亡失去灵魂比例	Souls lost on death
nevermore_necromastery.souls_per_hero_kill	击杀英雄收集灵魂数量	Souls collected per hero kill
nevermore_requiem.max_soul_release	魂之挽歌使用灵魂上限	Maximum souls used by Requiem
nevermore_requiem.requiem_soul_conversion	每道伤害波所需灵魂	Souls per damage wave
nevermore_shadowraze1.cooldown_reduction_on_hero_hit	每击中英雄冷却减少	Cooldown reduction per hero hit
nevermore_shadowraze1.movement_speed_debuff	可叠加移动速度减缓	Stacking movement speed slow
nevermore_shadowraze2.cooldown_reduction_on_hero_hit	每击中英雄冷却减少	Cooldown reduction per hero hit
nevermore_shadowraze2.movement_speed_debuff	可叠加移动速度减缓	Stacking movement speed slow
nevermore_shadowraze3.cooldown_reduction_on_hero_hit	每击中英雄冷却减少	Cooldown reduction per hero hit
nevermore_shadowraze3.movement_speed_debuff	可叠加移动速度减缓	Stacking movement speed slow
night_stalker_heart_of_darkness.nighttime_increase	夜晚时间延长	Night duration increase
night_stalker_void.cast_radius_tooltip	虚空范围效果半径	Void area radius
nyx_assassin_jolt.damage_echo_duration	司夜刺客伤害回溯时间	Nyx damage tracking duration
nyx_assassin_vendetta.attack_animation_bonus	复仇攻击动作加快	Vendetta attack animation speed increase
nyx_assassin_vendetta.free_pathing_duration	复仇初始极速与自由移动时间	Initial Vendetta haste and free pathing duration
obsidian_destroyer_astral_imprisonment.allied_movement_speed_pct	被禁锢友军移动速度比例	Imprisoned ally movement speed percentage
obsidian_destroyer_objurgation.automatic_trigger_cd	自动责难触发间隔	Automatic Objurgation trigger cooldown
obsidian_destroyer_objurgation.automatic_trigger_threshold	自动责难生命值阈值	Automatic Objurgation health threshold
obsidian_destroyer_ominous_discernment.bonus_max_mana_per_int	每点智力额外魔法	Bonus mana per Intelligence
ogre_bruiser_ogre_smash.hero_stun_duration	食人魔击打眩晕时间	Ogre smash stun duration
ogre_magi_bloodlust.multicast_bloodlust_aoe	多重嗜血术友军搜索范围	Multicast Bloodlust search radius
ogre_magi_fireblast.bonus_cast_speed	施法速度增加比例	Cast speed increase
ogre_magi_fireblast.multicast_delay	多重火焰爆轰间隔	Multicast Fireblast delay
ogre_magi_ignite.ignite_multicast_aoe	多重引燃目标搜索范围	Multicast Ignite search radius
ogre_magi_multicast.one_tooltip	每档多重施法概率提升	Multicast chance per increment
ogre_magi_multicast.strength_for_one_pct	每档多重施法提升所需力量	Strength per Multicast chance increment
ogre_magi_smash.attacks	烈火护盾承受英雄攻击次数	Fire Shield hero attack count
ogre_magi_smash.multicast_fireshield_aoe	多重烈火护盾友军搜索范围	Multicast Fire Shield search radius
ogre_magi_unrefined_fireblast.base_damage	基础伤害	Base damage
ogre_magi_unrefined_fireblast.multicast_delay	多重未精通爆轰间隔	Multicast Unrefined Fireblast delay
ogre_magi_unrefined_fireblast.scepter_mana	当前魔法消耗比例	Current mana cost percentage
ogre_magi_unrefined_fireblast.str_multiplier	力量伤害倍数	Strength damage multiplier
omniknight_degen_aura.bonus_damage_per_stack	每次叠加对目标伤害增加	Damage increase per stack
omniknight_degen_aura.stack_interval	伤害加成叠加间隔	Damage bonus stack interval
omniknight_hammer_of_purity.heal_pct	伤害转自身治疗比例	Damage converted to self healing
omniknight_purification.recast_delay	再次洗礼延迟	Second Purification delay
omniknight_purification.recast_effectiveness_pct	再次洗礼威力比例	Second Purification effectiveness
oracle_clairvoyant_cure.heal_amplification	每级英雄治疗增强	Healing amplification per hero level
oracle_clairvoyant_curse.spell_amplification	每级英雄技能增强	Spell amplification per hero level
oracle_diviners_deck.barrier_restore_time	护盾恢复所需未受伤时间	Damage free interval for barrier restoration
oracle_diviners_deck.gold_bonus_pct	愚者金钱获取增加	Fool gold gain increase
oracle_diviners_deck.heal_amplification	恋人治疗增强	Lovers healing amplification
oracle_diviners_deck.int_bonus_pct	世界智力增加比例	World Intelligence increase
oracle_diviners_deck.spell_amplification	死亡技能增强	Death spell amplification
oracle_fates_edict.magic_damage_resistance_pct_tooltip	命运敕令魔法抗性提升	Fate's Edict magic resistance increase
pangolier_gyroshell.move_speed_ramp_up_time	达到全额滚动速度所需时间	Time to full rolling speed
pangolier_shield_crash.scepter_damage_outgoing_tooltip	神杖虚张声势伤害比例	Scepter Swashbuckle damage percentage
phantom_assassin_blur.cooldown_refund_pct	击杀英雄技能冷却返还比例	Ability cooldown refunded per hero kill
phantom_assassin_coup_de_grace.attacks_to_proc_creeps	同一非英雄目标恩赐解脱攻击次数	Creep attacks to trigger Coup de Grace
phantom_assassin_coup_de_grace.two_tooltip	窒碍短匕计入攻击次数	Attacks counted per Stifling Dagger
phantom_lancer_doppelwalk.hp_missing_per_extra_illusion_pct	每个额外幻象所需损失生命比例	Missing health percentage per extra illusion
phantom_lancer_doppelwalk.illusion_2_damage_in_pct	第二幻象额外承受伤害	Second illusion additional incoming damage
phantom_lancer_doppelwalk.illusion_2_damage_out_pct	第二幻象继承攻击力降低	Second illusion inherited damage reduction
phantom_lancer_juxtapose.illusion_from_illusion_duration	幻象产生幻象持续时间	Illusion spawned illusion duration
phantom_lancer_juxtapose.invis_duration	主动并列隐身时间	Active Juxtapose invisibility duration
phantom_lancer_juxtapose.invis_movespeed	主动并列隐身移速加成	Active Juxtapose invisible movement speed bonus
phantom_lancer_phantom_edge.bonus_speed	冲锋固定移动速度	Rush movement speed
phantom_lancer_phantom_edge.illusion_spawn_travel_distance	每个冲锋幻象产生所需距离	Travel distance per rush illusion
phantom_lancer_spirit_lance.fake_lance_distance	幻象模仿施法范围	Illusion mimic cast radius
phantom_lancer_spirit_lance.illusion_lance_damage_pct	幻象灵魂之矛伤害比例	Illusion Spirit Lance damage percentage
phoenix_blinding_sun.blind_per_second	每秒攻击落空几率增加	Miss chance gained per second
phoenix_icarus_dive.dive_duration	凤凰冲击飞行时间	Icarus Dive travel duration
primal_beast_colossal.aoe_per_threshold	每档生命作用范围加成	Area bonus per health increment
primal_beast_colossal.base_slow_resist	基础减速抗性	Base slow resistance
primal_beast_colossal.hp_per_threshold	每档加成所需生命上限	Maximum health per bonus increment
primal_beast_colossal.slow_resistance_per_threshold	每档生命减速抗性加成	Slow resistance per health increment
primal_beast_pulverize.channel_time	捶持续施法时间	Pulverize channel time
primal_beast_trample.step_distance	每次踏触发所需距离	Travel distance per Trample
primal_beast_uproar.damage_limit	咤叠加触发伤害阈值	Uproar damage threshold
primal_beast_uproar.projectile_waves	咤弹道波数	Uproar projectile waves
primal_beast_uproar.projectiles_per_stack	每层每波弹道数量	Projectiles per stack per wave
primal_beast_uproar.roar_duration	主动咤增益持续时间	Active Uproar bonus duration
puck_dream_coil.attack_rate_pct	梦境缠绕攻击频率比例	Dream Coil attack rate percentage
puck_illusory_orb.damage_over_time_pct	法球额外周期伤害比例	Orb additional periodic damage percentage
puck_puckish.dodged_spell_multiplier	躲避技能弹道恢复倍数	Restoration multiplier for dodging spell projectiles
puck_puckish.mana_and_health_restore_pct	躲避攻击生命与魔法恢复比例	Health and mana restoration on dodging attacks
pudge_dismember.pull_distance_limit	肢解牵引最大距离	Dismember maximum pull distance
pudge_dismember.pull_units_per_second	肢解每秒牵引速度	Dismember pull speed
pudge_innate_graft_flesh.flesh_heap_range	腐肉堆积英雄死亡判定范围	Flesh Heap hero death radius
pudge_innate_graft_flesh.flesh_heap_strength_buff_amount	每层腐肉堆积永久力量	Permanent strength per Flesh Heap stack
pudge_meat_hook.cooldown_reduction_pct_allied_hook	钩中友军冷却减少比例	Cooldown reduction on hooking allies
pugna_life_drain.max_spell_amp_drain_pct	自身技能伤害增加上限	Maximum self spell damage increase
pugna_life_drain.shard_damage_pct_from_ward	幽冥守卫吸取效果比例	Life Drain effectiveness from Nether Ward
pugna_life_drain.spell_amp_drain_duration	技能伤害降低持续时间	Spell damage reduction duration
pugna_life_drain.spell_amp_drain_max	敌方技能伤害降低上限	Maximum enemy spell damage reduction
pugna_life_drain.spell_amp_drain_rate	每秒敌方技能伤害降低	Enemy spell damage reduction per second
pugna_life_drain.spell_amp_drain_rate_ward	守卫吸取每秒技能伤害变化	Spell damage change per second from ward drain
pugna_nether_blast.structure_damage_mod	幽冥爆轰建筑伤害比例	Nether Blast building damage percentage
pugna_oblivion_savant.tower_scale	每摧毁防御塔技能增强	Spell amplification per destroyed tower
queenofpain_blink.shard_aoe	闪烁音爆范围	Blink sonic blast radius
queenofpain_blink.shard_damage	闪烁音爆伤害	Blink sonic blast damage
queenofpain_blink.shard_duration	闪烁音爆沉默时间	Blink sonic blast silence duration
queenofpain_bondage.spell_reflect_pct	承受技能伤害反弹比例	Incoming spell damage reflected
queenofpain_scream_of_pain.damage_reflected_to_self	尖叫伤害反弹自身比例	Scream damage reflected to self
queenofpain_succubus.close_radius	最大吸血效果距离	Distance for maximum lifesteal
queenofpain_succubus.max_radius	最低吸血效果距离	Distance for minimum lifesteal
rattletrap_armor_power.armor_per_chainmail	每消耗锁子甲永久护甲	Permanent armor per consumed Chainmail
rattletrap_armor_power.damage_per_armor	每点护甲伤害输出增加	Damage output increase per armor
rattletrap_hookshot.radius_ally	友方英雄护盾判定范围	Allied hero barrier detection radius
rattletrap_hookshot.stun_radius	钩爪伤害与眩晕范围	Hookshot damage and stun radius
rattletrap_power_cogs.mana_burn_as_damage_pct	损失魔法附加伤害比例	Burned mana added to damage
rattletrap_power_cogs.projectile_distance	攻击推出齿轮距离	Cog launch distance on attack
razor_dynamo.spell_amp_damage_divisor	每档技能增强所需攻击力	Attack damage per spell amplification increment
razor_dynamo.spell_amp_mult	每档技能增强比例	Spell amplification per increment
razor_static_link.drain_range_buffer	静电连接断裂距离参数	Static Link break distance parameter
razor_static_link.move_speed_factor	窃取攻击力转移动速度减缓倍数	Stolen damage converted to movement slow
razor_storm_surge.eye_of_the_storm_chance_multiplier	风暴之眼期间打击概率倍数	Strike chance multiplier during Eye of the Storm
razor_storm_surge.strike_cd_reduction_during_storm	风暴之眼期间打击冷却减少	Strike cooldown reduction during Eye of the Storm
riki_blink_strike.slow_pct_tooltip	闪烁突袭减速比例	Blink Strike slow percentage
riki_innate_backstab.ally_multiplier	反补背刺效果比例	Backstab effectiveness on denies
riki_tricks_of_the_trade.cooldown_reduction_per_creep_kill	非英雄击杀冷却减少	Cooldown reduction per creep kill
riki_tricks_of_the_trade.creep_agility_multiplier	攻击非英雄敏捷加成倍数	Agility bonus multiplier against creeps
riki_tricks_of_the_trade.interval_targets	每次绝杀秘技攻击目标数	Targets per Tricks of the Trade attack
riki_tricks_of_the_trade.scepter_bonus_attacks	神杖额外攻击次数	Scepter bonus attacks
riki_tricks_of_the_trade.scepter_bonus_duration	神杖额外持续时间	Scepter bonus duration
riki_tricks_of_the_trade.scepter_movespeed	藏在友军体内移动速度加成	Movement speed bonus inside ally
ringmaster_crystal_ball.truesight_linger_duration	隐形与守卫显形残留时间	Invisibility and ward reveal linger duration
ringmaster_dark_carnival_souvenirs.souvenir_collection_range	英雄死亡纪念品获得范围	Hero death souvenir collection radius
ringmaster_funhouse_mirror.tooltip_damage_incoming_total_pct	幻象承受总伤害比例	Illusion total incoming damage percentage
ringmaster_funhouse_mirror.tooltip_damage_outgoing_ranged	幻象继承攻击力比例	Illusion inherited damage percentage
ringmaster_spotlight.linger_duration	灯束离开后效果持续时间	Effect linger duration after spotlight leaves
ringmaster_spotlight.spotlight_count	聚光灯灯束数量	Spotlight beam count
ringmaster_strongman_tonic.effect_strength_max_duration	最大力量加成维持时间	Maximum strength bonus hold duration
ringmaster_strongman_tonic.strength_bonus_base	基础力量加成	Base strength bonus
ringmaster_strongman_tonic.strength_bonus_per_level	每级百戏大王力量加成	Strength bonus per Ringmaster level
ringmaster_summon_unicycle.damage_grace_period	上车后伤害判定宽限时间	Damage grace period after mounting
ringmaster_summon_unicycle.damage_threshold	迫使下车英雄伤害阈值	Hero damage threshold for dismounting
ringmaster_summon_unicycle.mount_duration	独轮车骑乘时间	Unicycle mount duration
ringmaster_weighted_pie.max_slow_pct	扔派最大移动速度减缓	Maximum pie movement slow
ringmaster_wheel.aura_slow	转轮范围内移动速度减缓	Wheel aura movement slow
ringmaster_wheel.face_duration	面对转轮着迷所需时间	Facing duration before mesmerize
ringmaster_wheel.trap_duration	未触发转轮自动爆炸时间	Automatic wheel explosion delay
ringmaster_whoopee_cushion.fart_cloud_duration	臭云持续时间	Fart cloud duration
ringmaster_whoopee_cushion.fart_cloud_radius	臭云范围	Fart cloud radius
ringmaster_whoopee_cushion.fart_cloud_slow	臭云移动速度减缓	Fart cloud movement slow
roshan_revengeroar.disarm_duration	咆哮缴械时间	Roar disarm duration
roshan_slam.damage_bonus_creeps	震击对非英雄单位伤害增加	Slam creep damage increase
rubick_curiosity.charge_radius	敌方技能观察范围	Enemy spell observation radius
rubick_curiosity.curiosity_aoe_bonus	每层奇心作用范围加成	Area bonus per Curiosity stack
rubick_curiosity.curiosity_attack_damage	每层奇心基础攻击力	Base damage per Curiosity stack
rubick_curiosity.curiosity_duration	临时奇心持续时间	Temporary Curiosity duration
rubick_curiosity.curiosity_modifier_amp	每层奇心增益减益持续时间增加	Buff and debuff duration increase per Curiosity stack
rubick_curiosity.curiosity_per_kill	击杀永久奇心层数	Permanent Curiosity stacks per kill
rubick_curiosity.curiosity_per_level	每级获得奇心层数	Curiosity stacks per level
rubick_curiosity.curiosity_per_spell_cast	每次观察施法奇心层数	Curiosity stacks per observed spell
rubick_curiosity.grace_period	临时奇心转永久击杀判定时间	Kill window for permanent Curiosity
rubick_telekinesis.shard_teammate_throw_delay	魔晶友军投掷延迟	Shard allied throw delay
sandking_epicenter.scepter_explosion_radius_pct	尾刺区域地震范围比例	Spine area percentage of Epicenter radius
sandking_epicenter.scepter_explosions_per_pulse	每次地震尾刺区域数量	Spine areas per Epicenter pulse
sandking_epicenter.shard_explosions_per_pulse	魔晶地震波攻击次数	Attacks per Shard pulse
sandking_epicenter.shard_interval	魔晶地震波间隔	Shard pulse interval
sandking_epicenter.spine_damage_pct	地震尾刺伤害比例	Epicenter Spine damage percentage
sandking_epicenter.spine_tick_rate	地震尾刺产生间隔	Epicenter Spine spawn interval
sandking_scorpion_strike.caustic_damage_pct	击中英雄腐尸毒爆炸比例	Caustic Finale explosion percentage on hero hit
sandking_scorpion_strike.inner_radius	尾刺中心判定范围	Spine inner radius
sandking_scorpion_strike.inner_radius_bonus_damage_pct	尾刺中心额外伤害比例	Spine inner radius bonus damage
satyr_soulstealer_mana_burn.burn_amount	基础魔法燃烧量	Base mana burned
satyr_soulstealer_mana_burn.int_multiplier	目标智力魔法燃烧倍数	Target Intelligence mana burn multiplier
seasonal_party_hat.aoe_scepter	迎霜精神范围	Festive Spirit radius
shadow_demon_demonic_purge.max_slow	邪恶净化初始减速	Demonic Purge initial slow
shadow_demon_demonic_purge.min_slow	邪恶净化最终减速	Demonic Purge final slow
shadow_demon_disseminate.health_lost	敌方生命损失比例	Enemy health loss percentage
shadow_demon_shadow_poison.bonus_stack_damage	超额暗影毒每层伤害	Damage per excess Shadow Poison stack
shadow_demon_shadow_servant.health_lost	每层暗影仆从最大生命降低	Maximum health lost per Shadow Servant stack
shadow_demon_shadow_servant.health_regain_pct	效果结束回复损失生命比例	Lost health restored on expiration
shadow_shaman_mass_serpent_ward.mega_ward_multiplier_damage	巨蛇守卫攻击力倍数	Mega Serpent Ward damage multiplier
shadow_shaman_mass_serpent_ward.mega_ward_multiplier_health	巨蛇守卫生命与金钱倍数	Mega Serpent Ward health and bounty multiplier
shadow_shaman_mass_serpent_ward.ward_count	群蛇守卫数量	Serpent Ward count
shadow_shaman_shackles.ally_break_range	友方枷锁施法范围	Allied Shackles cast radius
shadow_shaman_shackles.scepter_shock_interval	枷锁苍穹震击间隔	Shackles Ether Shock interval
shadow_shaman_shackles.scepter_shock_pct	枷锁苍穹震击伤害比例	Shackles Ether Shock damage percentage
shadow_shaman_shackles.scepter_shock_radius	枷锁苍穹震击范围	Shackles Ether Shock radius
shadow_shaman_urnaconda.megaward_multiplier_tooltip	巨蛇守卫生命与攻击力倍数	Mega Serpent Ward health and damage multiplier
shadow_shaman_urnaconda.ward_duration	击杀巨蛇守卫持续时间	Kill spawned ward duration
shadow_shaman_voodoo_hands.voodoo_duration	攻击妖术持续时间	Attack Hex duration
shadow_shaman_voodoo.movespeed	妖术目标基础移动速度	Hex target base movement speed
shredder_chakram.slow_health_percentage	每档减速所需损失生命比例	Missing health percentage per slow increment
shredder_reactive_armor.base_explosion	护盾爆炸基础伤害	Barrier explosion base damage
shredder_reactive_armor.explosion_radius	护盾爆炸范围	Barrier explosion radius
shredder_reactive_armor.initial_shield	主动活性护甲初始护盾	Active Reactive Armor initial barrier
shredder_reactive_armor.max_shield	主动活性护甲护盾上限	Active Reactive Armor maximum barrier
shredder_reactive_armor.shield_per_sec	每秒护盾基础恢复	Base barrier restoration per second
shredder_reactive_armor.shield_per_sec_per_enemy	每名附近敌方英雄每秒护盾恢复	Barrier restoration per nearby enemy hero per second
shredder_reactive_armor.stacks_per_hero_attack	英雄攻击活性护甲叠加倍数	Reactive Armor stack multiplier per hero attack
shredder_twisted_chakram.slow_health_percentage	每档减速所需损失生命比例	Missing health percentage per slow increment
silencer_brain_drain.permanent_int_steal_range	永久智力窃取英雄死亡范围	Permanent Intelligence steal death radius
silencer_brain_drain.silenced_bonus_int_steal_amount	被沉默英雄额外智力窃取	Additional Intelligence stolen from silenced heroes
silencer_glaives_of_wisdom.bounce_count	智慧之刃弹射次数	Glaives of Wisdom bounce count
silencer_glaives_of_wisdom.bounce_range	智慧之刃弹射范围	Glaives of Wisdom bounce radius
skeleton_king_mortal_strike.curse_damage_pct	诅咒原攻击纯粹伤害比例	Original attack converted to pure curse damage
skeleton_king_mortal_strike.curse_delay	诅咒伤害延迟	Curse damage delay
skeleton_king_reincarnation.slow_radius	重生死亡减速范围	Reincarnation death slow radius
skywrath_mage_arcane_bolt.extra_bolt_search_radius	额外鹰隼目标搜索范围	Additional Arcane Bolt search radius
skywrath_mage_arcane_bolt.total_bolt_count	奥法鹰隼数量	Arcane Bolt count
skywrath_mage_staff_of_the_scion.cooldown_reduction	魔法伤害触发冷却减少	Cooldown reduction on dealing magic damage
slardar_amplify_damage.armor_pct	侵蚀雾霭减甲转自身护甲比例	Corrosive Haze armor reduction converted to self armor
slardar_bash.attack_count	重击前所需攻击次数	Attacks before Bash
slardar_seaborn_sentinel.scepter_puddle_duration_increase_tooltip	神杖水洼持续时间增加	Scepter puddle duration increase
slardar_seaborn_sentinel.scepter_puddle_radius_tooltip	神杖水洼与水迹范围增加	Scepter puddle and trail radius increase
slardar_sprint.slow_resistance_tooltip	冲刺初始减速抗性	Initial Sprint slow resistance
slardar_sprint.speed_burst_max_duration	冲刺最高减速抗性持续时间	Sprint maximum slow resistance duration
slark_dark_pact.pulse_interval	黑暗契约伤害波间隔	Dark Pact pulse interval
slark_dark_pact.self_damage_pct	自身承受黑暗契约伤害比例	Self Dark Pact damage percentage
slark_dark_pact.total_pulses	黑暗契约伤害波数量	Dark Pact pulse count
slark_essence_shift.agi_gain	每次能量转移敏捷加成	Agility gained per Essence Shift
slark_essence_shift.stat_loss	每次能量转移敌方全属性损失	Enemy all attributes lost per Essence Shift
slark_pounce.pounce_speed	突袭跳跃速度	Pounce speed
slark_shadow_dance.neutral_disable	受中立伤害被动失效时间	Passive disable duration after neutral damage
snapfire_buckshot.damage_amp	对敌方英雄攻击伤害增加	Attack damage increase against heroes
snapfire_buckshot.glancing_shot_damage_pct	射偏时伤害比例	Glancing shot damage percentage
snapfire_buckshot.miss_chance	射偏概率	Glancing shot chance
snapfire_firesnap_cookie.shard_damage_multiplier_tooltip	魔晶蜥蜴绝吻冲击伤害比例	Shard Mortimer Kisses impact damage percentage
snapfire_gobble_up.max_time_in_belly	吞下单位最长停留时间	Maximum swallowed unit duration
snapfire_lil_shredder.base_attack_time	霹雳铁手基础攻击间隔	Lil' Shredder base attack time
snapfire_lil_shredder.buffed_attacks	霹雳铁手强化攻击次数	Lil' Shredder empowered attacks
snapfire_mortimer_kisses.duration_tooltip	蜥蜴绝吻喷吐时间	Mortimer Kisses launch duration
snapfire_mortimer_kisses.max_lob_travel_time	火团最长飞行时间	Maximum glob travel time
snapfire_mortimer_kisses.min_lob_travel_time	火团最短飞行时间	Minimum glob travel time
snapfire_scatterblast.point_blank_debuff_duration_pct	平射减速与持续时间提升	Point blank slow and duration increase
snapfire_scatterblast.point_blank_dmg_bonus_pct	平射额外伤害比例	Point blank damage bonus
sniper_headshot.slow	爆头移动与攻击速度降低	Headshot movement and attack speed slow
sniper_keen_scope.bonus_damage_distance	每档攻击伤害加成距离	Distance per attack damage increment
sniper_take_aim.passive_attack_range_bonus	被动攻击距离加成	Passive attack range bonus
sniper_take_aim.slow	主动期间自身移动速度降低	Self movement slow during active effect
special_bonus_unique_faceless_void_4.dodge_chance_pct	完全避免伤害概率	Chance to avoid all damage
spectre_dispersion.activation_bonus_pct	主动折射吸收反弹比例增加	Active Dispersion absorption and reflection increase
spectre_dispersion.activation_cooldown	主动折射冷却时间	Active Dispersion cooldown
spectre_dispersion.activation_duration	主动折射持续时间	Active Dispersion duration
spectre_dispersion.activation_manacost	主动折射魔法消耗	Active Dispersion mana cost
spectre_haunt.fear_aoe	首次空降恐惧范围	First Reality fear radius
spectre_haunt.fear_duration	首次空降恐惧时间	First Reality fear duration
spectre_haunt.fear_movespeed_slow	恐惧期间移动速度降低	Movement slow during fear
spectre_haunt.scepter_cooldown_reduction_tooltip	神杖鬼影重重冷却减少	Scepter Haunt cooldown reduction
spectre_spectral_dagger.dagger_grace_period	离开暗影之径零碰撞缓冲时间	Zero collision grace period after leaving the path
spectre_spectral.linger_time	穿过单位移速加成残留时间	Movement bonus linger time after passing a unit
spectre_spectral.speed_bonus	穿过单位移动速度加成	Movement speed bonus after passing a unit
spirit_breaker_charge_of_darkness.min_movespeed_bonus_pct	暗影冲刺初始额外移速	Charge initial movement speed bonus
spirit_breaker_charge_of_darkness.windup_time	暗影冲刺达到最大速度时间	Charge time to maximum speed
spirit_breaker_greater_bash.bonus_chance_duration	多英雄重击统计时间	Multi hero Bash tracking duration
spirit_breaker_greater_bash.bonus_chance_pct	每名额外英雄重击概率增加	Bash chance increase per additional hero
spirit_breaker_greater_bash.cascading_bashes_creep_penalty	连锁重击非英雄伤害比例	Cascading Bash creep damage percentage
spirit_breaker_greater_bash.cascading_bashes_damage_multiplier	原目标再次重击伤害比例	Repeat Bash damage percentage on original target
spirit_breaker_herd_mentality.xp_gain_rate	最低等级友军额外经验比例	Lowest level ally bonus experience
storm_spirit_ball_lightning.ball_lightning_initial_mana_base	球状闪电起始基础魔法消耗	Ball Lightning initial base mana cost
storm_spirit_ball_lightning.ball_lightning_initial_mana_percentage	球状闪电起始总魔法消耗比例	Ball Lightning initial total mana cost percentage
storm_spirit_ball_lightning.ball_lightning_travel_cost_base	每百距离基础魔法消耗	Base mana cost per 100 travel distance
storm_spirit_electric_vortex.enemy_overload_duration	敌方超负荷自击状态时间	Enemy self attack Overload duration
storm_spirit_galvanized.charges_per_death	每次死亡损失能量	Charges lost per death
storm_spirit_galvanized.level_divisor	每点能量所需升级等级	Levels per charge
storm_spirit_galvanized.mp_per_kill	每点能量魔法恢复	Mana regeneration per charge
storm_spirit_galvanized.perma_mp_per_kill	每次获得能量永久魔法恢复	Permanent mana regeneration per charge gained
storm_spirit_overload.shard_activation_charges	主动超负荷攻击次数	Active Overload attack charges
storm_spirit_overload.shard_activation_duration	主动超负荷最长持续时间	Maximum active Overload duration
storm_spirit_static_remnant.static_remnant_delay	残影实体化延迟	Static Remnant activation delay
storm_spirit_static_remnant.static_remnant_radius	残影触发范围	Static Remnant trigger radius
sven_storm_bolt.scepter_bonus_damage	神杖风暴之拳额外伤害	Scepter Storm Hammer bonus damage
sven_vanquisher.bonus_damage_pct	对眩晕目标攻击伤害增加	Attack damage increase against stunned targets
techies_land_mines.min_distance	地雷全额伤害范围	Mine full damage radius
techies_land_mines.outer_damage	地雷边缘伤害比例	Mine outer damage percentage
techies_land_mines.placement_radius	地雷放置最小间距	Minimum mine placement spacing
techies_land_mines.proximity_threshold	敌人停留触发爆炸时间	Enemy proximity time before explosion
techies_minefield_sign.bonus_mine_damage_pct	范围内地雷伤害增加	Mine damage increase inside sign aura
techies_minefield_sign.minefield_duration	雷区持续时间	Minefield duration
techies_minefield_sign.trigger_radius	标识雷区触发范围	Sign minefield trigger radius
techies_mutually_assured_destruction.explosion_delay	死亡木桶爆炸延迟	Death barrel explosion delay
techies_snare_trap.activation_time	陷阱激活时间	Trap activation time
techies_squees_scope.attack_range_tooltip	每点攻速攻击距离与弹道速度	Attack range and projectile speed per attack speed
techies_sticky_bomb.secondary_slow_duration	爆炸后再次减速时间	Secondary slow duration
templar_assassin_inner_peace.time_until_meditation	开始冥想静止未受伤时间	Stationary undamaged time before meditation
templar_assassin_psionic_trap.trap_fade_time	灵能陷阱渐隐时间	Psionic Trap fade time
templar_assassin_psionic_trap.trap_max_charge_duration	达到最大减速蓄力时间	Trap charge time for maximum slow
templar_assassin_psionic_trap.trap_radius	灵能陷阱减速范围	Psionic Trap slow radius
templar_assassin_trap_teleport.extra_damage	灵能投射额外伤害	Psionic Projection bonus damage
tidehunter_anchor_smash.additional_range	锚击额外作用距离	Anchor Smash bonus range
tidehunter_blubber.damage_cleanse	解除负面状态伤害阈值	Damage threshold to remove debuffs
tidehunter_blubber.damage_reset_interval	未受玩家伤害累计重置时间	Damage free interval before counter reset
tidehunter_kraken_shell.active_move_speed_penalty_pct	主动海妖外壳移动速度降低	Active Kraken Shell movement speed reduction
tidehunter_leviathans_catch.fish_attack_range	每条鱼永久攻击距离	Permanent attack range per fish
tidehunter_leviathans_catch.fish_damage_block	每条鱼额外伤害格挡	Bonus damage block per fish
tidehunter_leviathans_catch.fish_health_bonus	每条鱼永久最大生命	Permanent maximum health per fish
tinker_deploy_turrets.missile_attack_rate_tooltip	炮塔导弹发射速率增加	Turret missile attack rate increase
tinker_eureka.int_per_one_cdr	每档物品冷却减少所需智力	Intelligence per item cooldown reduction increment
tinker_eureka.max_cdr	物品冷却减少上限	Maximum item cooldown reduction
tinker_eureka.one_percent_tooltip	每档物品冷却减少比例	Item cooldown reduction per increment
tinker_laser.scepter_reduction_pct	神杖模型与当前及最大生命减少	Scepter model, current and maximum health reduction
tinker_march_of_the_machines.machines_per_sec	每秒机器人产生数量	Machines spawned per second
tinker_warp_grenade.warp_distance_pct_tooltip	最大传送距离施法距离比例	Maximum warp cast range percentage
tiny_toss.grab_radius	投掷单位抓取范围	Toss unit grab radius
treant_leech_seed.healing_pulse_count	寄生种子治疗脉冲次数	Leech Seed healing pulse count
treant_leech_seed.max_heal_units	治疗友军数量上限	Maximum healed allies
treant_living_armor.damage_block_threshold	忽略伤害阈值	Damage ignore threshold
treant_living_armor.passive_reset_cd	伤害格挡重置所需未受伤时间	Damage free interval for block reset
treant_natures_grasp.creep_penalty	对非英雄单位伤害减少	Creep damage reduction
treant_natures_guise.cooldown_time	穿树所需未受伤时间	Damage free interval before tree walking
treant_overgrowth.bloom_duration	变大持续时间	Bloom duration
treant_overgrowth.strength_bonus	变大力量增加比例	Bloom strength increase
treant_super_bloom.strength_bonus	变大力量增加比例	Bloom strength increase
troll_warlord_battle_trance.attack_speed_share_percent	友方英雄攻击速度加成比例	Allied hero attack speed bonus percentage
troll_warlord_fervor.base_chance	额外远程攻击基础概率	Base chance for an extra ranged attack
troll_warlord_fervor.extra_attack_chance_per_stack	每层热血战魂额外攻击概率	Extra attack chance per Fervor stack
troll_warlord_fervor.range_buffer	额外远程攻击搜索距离加成	Extra ranged attack search range bonus
troll_warlord_switch_stance.armor_per_interval	每档攻速护甲加成	Armor per attack speed increment
troll_warlord_switch_stance.attack_speed_interval	每档护甲所需攻击速度	Attack speed per armor increment
troll_warlord_switch_stance.base_attack_time	近战基础攻击间隔	Melee base attack time
troll_warlord_whirling_axes_ranged.axe_range	远程飞斧距离	Ranged Whirling Axes range
tusk_walrus_kick.creep_cooldown_reduction_pct	飞踢非英雄冷却减少比例	Creep kick cooldown reduction
tusk_walrus_kick.search_radius	飞踢落点英雄伤害范围	Kick landing hero damage radius
undying_decay.creep_damage_multiplier	腐朽对非英雄伤害倍数	Decay creep damage multiplier
undying_tombstone.tombstone_bunker_cd	进出墓碑等待时间	Tombstone enter and exit lockout
undying_tombstone.tombstone_stun_penalty	墓碑摧毁内藏英雄眩晕	Stun for hero inside a destroyed Tombstone
ursa_earthshock.fury_swipe_stacks_on_hit	震撼大地施加怒意狂击层数	Fury Swipes stacks from Earthshock
ursa_earthshock.hop_distance	震撼大地跳跃距离	Earthshock hop distance
vengefulspirit_magic_missile.bounce_range_pct	弹射距离施法距离比例	Bounce cast range percentage
vengefulspirit_magic_missile.damage_per_lasthit	目标每击杀非英雄额外伤害	Bonus damage per target creep kill
venomancer_poison_sting.debuff_dmg	攻击者基础攻击伤害附加比例	Attacker base damage bonus percentage
venomancer_venomous_gale.num_created_wards_tooltip	每击中英雄产生瘟疫守卫数量	Plague Wards spawned per hero hit
venomancer_venomous_gale.shard_travel_tooltip	魔晶施法距离与弹道速度增加	Shard cast range and projectile speed increase
viper_corrosive_skin.effect_multiplier	近距离攻击速度降低倍数	Close range attack slow multiplier
viper_corrosive_skin.effect_multiplier_distance	腐蚀皮肤近距离强化范围	Corrosive Skin close range bonus radius
viper_corrosive_skin.nethertoxin_bonus_pct	幽冥剧毒内魔抗与伤害提升上限	Maximum Nethertoxin magic resistance and damage increase
viper_corrosive_skin.nethertoxin_bonus_pct_max_duration_tooltip	幽冥剧毒内达到最大提升时间	Time to maximum Nethertoxin bonus
visage_gravekeepers_cloak.shard_hp_restoration_pct	魔晶最大生命恢复比例	Shard maximum health restoration percentage
visage_lurker.cooldown_speed_per_stack	每层潜伏技能冷却加快比例	Cooldown speed increase per Lurker stack
visage_lurker.linger_duration	受伤后潜伏叠加消失时间	Lurker stack expiration after damage
visage_lurker.stack_gain_time	未受伤潜伏层数获得间隔	Lurker stack gain interval while undamaged
visage_soul_assumption.damage_max	有效灵魂充能伤害上限	Maximum qualifying Soul Assumption damage
visage_soul_assumption.damage_min	有效灵魂充能伤害下限	Minimum qualifying Soul Assumption damage
visage_soul_assumption.gold_grace_period_hero	作用后英雄死亡金钱判定时间	Hero death gold window after Soul Assumption
visage_stone_form_self_cast.stone_duration	佣兽石像持续时间	Familiar Stone Form duration
visage_summon_familiars_recall.recall_duration	佣兽召回延迟	Familiar recall delay
visage_summon_familiars.familiar_count	佣兽数量	Familiar count
visage_summon_familiars.recall_duration	佣兽召回延迟	Familiar recall delay
void_spirit_aether_remnant.creep_damage_pct	残阴路径每秒伤害比例	Remnant path damage percentage per second
void_spirit_astral_step.pop_damage_delay	太虚印记引爆延迟	Void Mark burst delay
void_spirit_dissimilate.aether_remnant_count	异化出口残阴数量	Dissimilate exit remnant count
void_spirit_intrinsic_edge.damage_stat_bonus_pct	每点属性攻击力提升比例	Damage per attribute increase
void_spirit_intrinsic_edge.secondary_stat_bonus_pct	属性恢复与攻速贡献提升	Attribute regeneration and attack speed contribution increase
warlock_eldritch_summoning.minor_imp_duration	魔童持续时间	Imp duration
warlock_imp_explode.explosion_nonhero_reduce	魔童爆炸对非英雄伤害减少	Imp explosion creep damage reduction
warlock_rain_of_chaos.golem_duration	地狱火持续时间	Golem duration
warlock_rain_of_chaos.number_of_golems_scepter	神杖地狱火数量	Scepter golem count
warlock_upheaval.imps_interval	剧变魔童召唤间隔	Upheaval imp spawn interval
warlock_upheaval.minor_imp_duration	剧变魔童持续时间	Upheaval imp duration
weaver_geminate_attack.delay	连击第二次攻击延迟	Geminate second attack delay
weaver_geminate_attack.shard_beetle_search_range	虫群目标额外攻击搜索范围	Swarm target additional attack search radius
weaver_rewoven.experience_gain	技能击杀获得经验	Experience gained per ability kill
weaver_shukuchi.geminate_attack_mark_duration	缩地连击标记时间	Shukuchi Geminate mark duration
weaver_shukuchi.shukuchi_attack_delay	脱离缩地连击触发延迟	Geminate delay after leaving Shukuchi
weaver_shukuchi.shukuchi_attack_mark_radius	缩地标记攻击搜索范围	Shukuchi marked target attack radius
weaver_threads_of_fate.thread_setup_distance	命运之线建立距离	Threads of Fate setup distance
weaver_threads_of_fate.thread_setup_time	命运之线建立所需停留时间	Threads of Fate setup duration
windrunner_easy_breezy.max_movespeed	移动速度上限	Maximum movement speed
windrunner_easy_breezy.min_movespeed	移动速度下限	Minimum movement speed
windrunner_shackleshot.fail_stun_duration	未成功束缚眩晕时间	Failed Shackle stun duration
windrunner_shackleshot.shackle_distance	目标后方束缚搜索距离	Shackle search distance behind target
winter_wyvern_arctic_burn.attack_point	严寒烧灼攻击前摇	Arctic Burn attack point
winter_wyvern_cold_embrace.shard_cooldown_reduction	魔晶极寒之拥冷却减少	Shard Cold Embrace cooldown reduction
winter_wyvern_dragon_sight.attack_range_min	额外攻击伤害起始攻击距离	Attack range threshold for bonus damage
winter_wyvern_dragon_sight.attack_range_per_damage	每点额外伤害所需攻击距离	Attack range per bonus damage
winter_wyvern_eldwurm_scholar.mana_to_xp_percentage	大招魔法消耗转经验比例	Ultimate mana cost converted to experience
winter_wyvern_eldwurm_scholar.xp_gain_range	大招施法经验获取范围	Ultimate cast experience radius
winter_wyvern_eldwurms_edda.tooltip_int_pct	消耗时基础智力增加比例	Base Intelligence increase on consumption
wisp_essence_conduction.consume_speed	消耗品与泉水恢复速率倍数	Consumable and fountain restoration speed multiplier
wisp_tether.damage_to_heal	羁绊伤害转自身治疗比例	Tether damage converted to self healing
witch_doctor_death_ward.bonus_accuracy	死亡守卫额外必中率	Death Ward bonus accuracy
witch_doctor_death_ward.initial_target_count	死亡守卫同时攻击目标数	Death Ward simultaneous target count
witch_doctor_death_ward.secondary_attack_damage_pct	死亡守卫次级目标伤害比例	Death Ward secondary target damage percentage
witch_doctor_gris_gris.death_gold_lost_reduction_pct_tooltip	死亡损失金钱存入比例	Death gold loss stored percentage
witch_doctor_gris_gris.gold_tick_interval_tooltip	驱邪护符每金增长间隔	Gris Gris gold growth interval
witch_doctor_maledict.spread_pct	阵亡扩散下次爆发伤害比例	Death spread next burst damage percentage
witch_doctor_maledict.spread_radius	诅咒阵亡扩散伤害范围	Maledict death spread radius
zuus_cloud.cloud_bounty_tooltip	雷云摧毁金钱奖励	Nimbus destruction gold bounty
zuus_lightning_bolt.sight_radius_night	雷击空中视野与真实视域范围	Lightning Bolt flying vision and True Sight radius
zuus_lightning_bolt.spread_aoe	对地雷击英雄搜索范围	Ground Lightning Bolt hero search radius
kunkka_ghostship.rum_factor	统帅朗姆酒效果倍数	The Admiral's Rum effect multiplier
